<?xml version="1.0" encoding="UTF-8"?>
<beans xmlns="http://www.springframework.org/schema/beans"
	xmlns:context="http://www.springframework.org/schema/context"
	xmlns:mvc="http://www.springframework.org/schema/mvc"
	xmlns:tx="http://www.springframework.org/schema/tx"
	xmlns:xsi="http://www.w3.org/2001/XMLSchema-instance"
	xsi:schemaLocation="http://www.springframework.org/schema/mvc
http://www.springframework.org/schema/mvc/spring-mvc.xsd
http://www.springframework.org/schema/beans
http://www.springframework.org/schema/beans/spring-beans.xsd
http://www.springframework.org/schema/context
http://www.springframework.org/schema/context/spring-context.xsd
http://www.springframework.org/schema/tx  
http://www.springframework.org/schema/tx/spring-tx.xsd">


	<context:component-scan base-package="br.ufc.dao" />
	<context:component-scan base-package="br.ufc.controller" />
	<mvc:annotation-driven />
	
	
	<mvc:interceptors>
		<bean class="br.ufc.interceptor.AutorizaInterceptor"/>
	</mvc:interceptors>
	
	
	<mvc:resources mapping="/resources/**" location="/resources/" />
	
	<bean id="multipartResolver"
		class="org.springframework.web.multipart.commons.CommonsMultipartResolver">
		<property name="maxUploadSize" value="500000" />
	</bean>
	
	
	<bean id="usuarioDAOHibernate" class="br.ufc.dao.UsuarioDAOHibernate"/>
	<bean id="AmizadeDAOHib" class="br.ufc.dao.AmizadeDAOHibernate"/>
	<bean id="comunidadeDAOHibernate" class="br.ufc.dao.ComunidadeDAOHibernate"/>
	<bean id="categoriaDAOHibernate" class="br.ufc.dao.CategoriaDAOHibernate"/>
	<bean id="forumDAOHibernate" class="br.ufc.dao.ForumDAOHibernate"/>
	<bean id="mensagemDAOHibernate" class="br.ufc.dao.MensagemDAOHibernate"/>
	
	<bean id="mysqlDataSource" class="org.apache.commons.dbcp.BasicDataSource">
		<property name="driverClassName" value="com.mysql.jdbc.Driver" />
		<property name="url" value="jdbc:mysql://192.168.56.101/trabalho_final" />
		<property name="username" value="root" />
		<property name="password" value="root" />
	</bean> 
	
	
	<bean
		class="org.springframework.web.servlet.view.InternalResourceViewResolver">
		<property name="prefix" value="/WEB-INF/views/" />
		<property name="suffix" value=".jsp" />
	</bean>

	<!-- gerenciamento de jpa pelo spring -->
	  
	<bean id="entityManagerFactory"
		class="org.springframework.orm.jpa.LocalContainerEntityManagerFactoryBean">
		<property name="dataSource" ref="mysqlDataSource" />
		<property name="jpaVendorAdapter">
			<bean class="org.springframework.orm.jpa.vendor.HibernateJpaVendorAdapter" />
		</property>
	</bean>
	

	<!-- gerenciamento da transação pelo spring -->
	<bean id="transactionManager" class="org.springframework.orm.jpa.JpaTransactionManager">
		<property name="entityManagerFactory" ref="entityManagerFactory" />
	</bean>
	<tx:annotation-driven />

</beans>
